{
  "id": 0,
  "levelScore": 0,
  "tags": [
    1,
    2
  ],
  "gameType": 0,
  "orderIndex": 0,
  "gameName": "Game tô chữ cái",
  "parentId": 0,
  "createDate": 0,
  "gameAssets": "assets/images/game_draw_alphabet_3/draw_A/",
  "gameData": [
    {
      "id": 1,
      "parentId": 0,
      "gameType": 0,
      "image": "alphabet.svg",
      "background": "background_image.png",
      "items": [
        {
          "image": "A_1.svg",
          "path": "M81.6839 176.033L77.5709 185.786C74.4675 193.146 71.3639 200.506 68.26 207.866C64.5041 216.88 60.7485 225.895 56.9928 234.909C52.4418 245.833 47.8909 256.757 43.3395 267.68L43.3033 267.767L43.2639 267.852C41.3404 272.018 38.4264 275.413 34.5986 277.965L34.5544 277.994L34.5096 278.022C30.8373 280.359 26.6989 281.486 22.2449 281.486C15.9379 281.486 10.4096 279.386 6.06354 275.04L5.99297 274.97L5.92528 274.897C1.94009 270.58 -0.0007066 265.251 1.92977e-07 259.24L6.68611e-07 259.239C0.000835407 256.251 0.910188 252.995 2.30295 249.654L2.30859 249.64L2.31431 249.627C21.6949 203.891 41.0663 158.152 60.4381 112.412C73.6585 81.1969 86.879 49.9811 100.103 18.7655L100.12 18.7253L100.138 18.6854C102.474 13.4275 105.758 9.04589 110.035 5.68131C114.834 1.84832 120.556 0.000679206 126.936 4.75635e-07L126.942 0L126.948 1.28421e-05C128.218 0.00285286 129.489 0.00285286 130.761 1.28421e-05L130.767 4.75635e-07H130.773C137.156 4.75635e-07 142.833 1.85338 147.44 5.80341L150.113 8.09447L146.887 16.4842C141.847 29.5886 134.456 48.808 133.535 51.1937C133.534 51.201 133.533 51.2059 133.532 51.2085C133.521 51.2393 133.503 51.2855 133.497 51.3018C133.486 51.328 133.477 51.3503 133.474 51.3588C133.465 51.3808 133.455 51.4053 133.446 51.4271C133.427 51.4733 133.4 51.538 133.367 51.6182C133.301 51.7799 133.202 52.0184 133.073 52.3284C132.816 52.949 132.437 53.8635 131.949 55.0406C130.972 57.3951 129.556 60.8041 127.804 65.0238C124.298 73.4634 119.444 85.1478 114.05 98.1298C110.907 105.695 107.58 113.702 104.231 121.764C96.085 141.369 87.803 161.302 81.689 176.021L81.6839 176.033Z",
          "position": {
            "dx": 172.0,
            "dy": 47.0
          },
          "startPosition": {
            "dx": 170.0,
            "dy": 279.0
          },
          "endPosition": {
            "dx": 253.0,
            "dy": 47.0
          },
          "status": 0,
          "width": 151.0,
          "height": 282.0
        },
        {
          "image": "A_2.svg",
          "path": "M17.6424 0.244339C17.6424 0.244339 19.6373 0.992447 23.2157 3.53264C26.7941 6.07283 31.2667 11.3022 33.6434 16.6498L33.6612 16.6899L33.6783 16.7303C52.2479 60.5741 70.8199 104.416 89.3919 148.258C103.418 181.369 117.444 214.48 131.469 247.592L131.475 247.606L131.481 247.619C132.873 250.961 133.78 254.218 133.78 257.205C133.78 263.302 131.653 268.652 127.405 272.934C123.272 277.37 117.804 279.45 111.536 279.45C107.082 279.45 102.89 278.325 99.0531 276.087L98.8359 275.96L98.6325 275.812C95.0951 273.239 92.3905 269.871 90.5191 265.816L90.48 265.731L90.444 265.645C82.1339 245.706 73.8255 225.768 65.5198 205.828C62.3347 198.276 59.1497 190.723 55.9649 183.171L52.0966 173.998L52.0915 173.985C48.1399 164.474 43.2827 152.783 38.1421 140.41C32.0579 125.766 25.5768 110.167 19.7305 96.0942C14.3372 83.1122 9.48348 71.4277 5.97869 62.9881C4.22632 58.7684 2.811 55.3594 1.83403 53.0048C1.3456 51.8277 0.966397 50.9133 0.709313 50.2927C0.580897 49.9827 0.482283 49.7444 0.415562 49.5828C0.382453 49.5026 0.355869 49.438 0.337028 49.3921C0.328103 49.3703 0.318248 49.3462 0.309532 49.3247C0.306139 49.3163 0.297411 49.2947 0.287466 49.2694C0.281276 49.2536 0.264193 49.2092 0.253061 49.1796C0.229309 49.114 0.137225 47.4595 0.687576 45.6222L0.342791 45.4744C0.299043 45.5765 8.83512 23.3819 14.2304 9.35382C14.7193 8.08257 15.1824 6.87839 15.611 5.76395L17.6424 0.244339Z",
          "position": {
            "dx": 297.0,
            "dy": 50.0
          },
          "startPosition": {
            "dx": 302.0,
            "dy": 63.0
          },
          "endPosition": {
            "dx": 371.0,
            "dy": 270.0
          },
          "status": 0,
          "width": 134.0,
          "height": 280.0
        },
        {
          "image": "A_3.svg",
          "path": "M141.417 42.4803L134.015 42.4805C107.665 42.4812 81.1177 42.4808 54.6222 42.4804C38.9911 42.4802 23.3778 42.4799 7.83349 42.4799H0.430176L3.21143 35.6189C5.38659 30.253 7.69103 24.8957 9.97112 19.5951L9.98517 19.5624C12.2771 14.2343 14.5442 8.96313 16.6773 3.70034L17.9395 0.586273L21.2996 0.586389C54.5675 0.587535 87.3074 0.587535 120.578 0.586389L123.938 0.586273L125.2 3.70034C127.335 8.9663 129.596 14.2403 131.88 19.5681L131.89 19.5909C134.164 24.8954 136.462 30.2535 138.637 35.6196L141.417 42.4803Z",
          "position": {
            "dx": 231.0,
            "dy": 211.0
          },
          "startPosition": {
            "dx": 240.0,
            "dy": 207.0
          },
          "endPosition": {
            "dx": 292.0,
            "dy": 204.0
          },
          "status": 0,
          "width": 141.0,
          "height": 42.0
        },
        {
          "image": "A_4.svg",
          "path": "M157.793 41.9197C164.043 53.8996 167.149 66.9488 167.149 80.9849C167.148 117.161 167.148 153.336 167.149 189.512C167.149 195.734 164.8 201.125 160.253 205.377C155.97 209.627 150.619 211.757 144.52 211.757C138.39 211.757 133.016 209.605 128.723 205.311C124.429 201.018 122.278 195.643 122.277 189.514C122.276 186.19 122.276 182.865 122.277 179.54V149.248V149.248C122.276 138.511 122.276 127.773 122.277 117.034V117.033L122.277 89.0485C122.277 89.047 122.277 89.0455 122.277 89.044C122.276 88.0199 122.276 86.9942 122.277 85.9679C122.277 69.8045 118.23 59.3611 111.317 53.2868L111.289 53.2616L111.261 53.2359C104.41 47.0275 92.9821 43.4067 75.8772 43.4067C66.4217 43.4067 58.0716 44.1537 50.7937 45.6079C43.6189 47.0932 35.508 49.3332 26.4484 52.3528L26.2668 52.4133L26.0812 52.4598C23.8615 53.0149 21.7508 53.376 19.8866 53.376C14.6756 53.376 10.098 51.4069 6.38836 47.6973C2.61115 43.9201 0.710205 39.1872 0.710205 33.8168C0.710205 29.5379 1.75201 25.5735 4.07436 22.1793C6.38589 18.8009 9.72152 16.344 13.7243 14.6502M157.793 41.9197C151.691 29.4694 142.025 19.4651 129.03 11.8807C116.069 4.16453 100.312 0.451368 82.0138 0.450775C58.8153 0.450186 36.0414 5.19916 13.7259 14.6495",
          "position": {
            "dx": 473.0,
            "dy": 117.0
          },
          "startPosition": {
            "dx": 473.0,
            "dy": 119.0
          },
          "endPosition": {
            "dx": 593.0,
            "dy": 268.0
          },
          "status": 0,
          "width": 168.0,
          "height": 212.0
        },
        {
          "image": "A_5.svg",
          "path": "M144.85 38.345L139.864 38.3454C125.929 38.3466 111.995 38.3466 98.0627 38.3454C79.0329 38.3454 65.5256 40.8616 56.9448 45.3507C52.7278 47.5569 49.8354 50.1689 47.9815 53.0787C46.1406 55.9679 45.1434 59.4313 45.1433 63.6528C45.1433 71.6033 47.7259 77.6143 52.6904 82.184C57.7218 86.5864 66.6885 89.3453 80.8054 89.3453C91.2107 89.3459 101.286 86.8739 111.086 81.8626C121.071 76.4989 129.391 69.9661 136.11 62.2876L144.85 52.2982V97.8943L143.436 99.3466C123.504 119.818 98.1469 130 67.7673 130C55.8147 130 44.599 127.549 34.1857 122.616L34.1623 122.605L34.139 122.594C23.8756 117.601 15.6332 110.347 9.50652 100.877L9.48884 100.85L9.47152 100.822C3.303 91.0089 0.270643 79.8455 0.27124 67.4885C0.271883 47.0399 8.39121 30.4737 24.4865 18.2635L24.5029 18.2511L24.5193 18.2388C40.8155 6.08612 64.0377 0.377047 93.4602 0.377047C108.926 0.37819 124.394 0.37819 139.863 0.377047L144.85 0.376678V38.345Z",
          "position": {
            "dx": 461.0,
            "dy": 200.0
          },
          "startPosition": {
            "dx": 544.0,
            "dy": 191.0
          },
          "endPosition": {
            "dx": 524.0,
            "dy": 264.0
          },
          "status": 0,
          "width": 145.0,
          "height": 130.0
        }
      ],