{
  "id": 0,
  "levelScore": 0,
  "tags": [
    1,
    2
  ],
  "gameType": 0,
  "orderIndex": 0,
  "gameName": "Game tính toán",
  "parentId": 0,
  "createDate": 0,
  "gameAssets": "assets/images/game_coloring_image_1/coloring_parrot/",
  "gameData": [
    {
      "id": 1,
      "parentId": 0,
      "gameType": 0,
      "background": "background_image.png",
      "items": [
        {
          "id": 0,
          "image": "parrot_colored.svg",
          "path": "M36.9354 71.253L36.8059 71.9917L36.9353 71.253C22.1371 68.659 7.90588 57.2659 2.68888 42.1786C-2.51064 27.1402 2.96225 10.4504 16.406 4.02184L16.0824 3.34521L16.406 4.02183C29.4278 -2.20508 47.1372 0.729976 58.8451 10.5104L58.8451 10.5104C65.2472 15.8575 70.2315 23.1812 73.1246 31.129C75.4307 37.4639 76.74 44.7939 74.5219 50.9016C68.4309 66.4478 53.0386 74.0764 36.9354 71.253Z",
          "position": {
            "dx": 262.0,
            "dy": 88.0
          },
          "color": "#E1EFA5",
          "type": 2,
          "canDraw": false,
          "width": 180.0,
          "height": 171.0
        },
        {
          "id": 1,
          "image": "parrot_1.svg",
          "path": "M18.7212 71.8902C18.7198 71.8872 4.84419 61.1407 3.18326 41.5634C1.20388 18.2321 15.9118 3.00369 15.9129 3C15.9147 3.00369 31.1239 20.7124 31.8251 39.5042C32.5417 58.7158 18.7224 71.8872 18.7212 71.8902Z",
          "position": {
            "dx": 270.0,
            "dy": 108.0
          },
          "color": "#8ECD21",
          "type": 0,
          "canDraw": true,
          "width": 35.0,
          "height": 75.0
        },
        {
          "id": 2,
          "image": "parrot_2.svg",
          "path": "M40.795 4.5217C40.7924 4.52207 25.192 -0.126388 14.703 6.82395C4.83752 13.3609 3.00111 28.5014 3 28.5032C3.00296 28.5032 18.2646 35.0147 30.8187 26.0092C41.4674 18.371 40.7943 4.52392 40.795 4.5217Z",
          "position": {
            "dx": 248.0,
            "dy": 239.0
          },
          "color": "#8ECD21",
          "type": 0,
          "canDraw": true,
          "width": 44.0,
          "height": 34.0
        },
        {
          "id": 3,
          "image": "parrot_3.svg",
          "path": "M4.26024 19.8308C4.69271 16.8947 5.96443 14.3217 7.62969 11.9443C9.77366 8.8801 12.6074 6.60246 16.1005 5.19047C18.3267 4.29025 20.5783 4.31593 22.8055 5.25907C25.6392 6.45848 28.1225 8.14874 29.8107 10.7424C32.1034 14.2685 31.6707 17.9433 29.9612 21.5119C28.0299 25.5457 25.2953 28.9424 21.3566 31.2638C20.0837 32.0142 18.7524 32.5595 17.2542 32.6884C13.5196 33.0076 11.4134 30.3995 12.6179 26.8816C12.8459 26.2147 12.9956 25.6002 12.426 25.0631C11.8107 24.4813 11.1489 24.6946 10.5221 25.0572C8.62411 26.1565 6.85675 25.7761 5.26723 24.4763C4.28724 23.6725 4.21366 22.4393 4.17025 21.2626C4.15274 20.7818 4.22859 20.2964 4.26024 19.8308Z",
          "position": {
            "dx": 332.0,
            "dy": 221.0
          },
          "color": "#F47B2A",
          "canDraw": true,
          "type": 0,
          "width": 36.0,
          "height": 38.0
        },
        {
          "id": 4,
          "image": "parrot_4.svg",
          "path": "M4.58253 21.9895C4.33026 19.134 4.94113 16.4323 5.96241 13.8265C7.27651 10.4685 9.40901 7.69563 12.349 5.58897C14.2228 4.24604 16.3269 3.76745 18.6129 4.15643C21.5213 4.65082 24.2128 5.68465 26.3648 7.74488C29.2885 10.5464 29.7054 14.0961 28.9088 17.831C28.0092 22.0526 26.2189 25.8549 23.0665 28.9157C22.0477 29.905 20.9288 30.7146 19.5614 31.1703C16.1523 32.304 13.6074 30.3235 13.9448 26.7489C14.0084 26.0713 14.0108 25.4605 13.36 25.083C12.6569 24.6737 12.0877 25.0218 11.5845 25.5025C10.0611 26.9592 8.32913 26.9963 6.55776 26.1299C5.4651 25.5934 5.12129 24.451 4.81822 23.355C4.6946 22.9071 4.65694 22.4341 4.58253 21.9895Z",
          "position": {
            "dx": 360.0,
            "dy": 243.0
          },
          "color": "#F47B2A",
          "canDraw": true,
          "type": 0,
          "width": 34.0,
          "height": 36.0
        },
        {
          "id": 5,
          "image": "parrot_5.svg",
          "path": "M146.341 95.0286C146.281 97.707 145.867 100.266 143.935 102.3C141.909 104.434 139.267 105.416 136.469 106.015C136.119 106.09 135.637 105.864 135.299 105.65C124.588 98.8942 113.886 92.1215 103.182 85.3512C84.8297 73.7446 66.4795 62.1356 48.1148 50.5485C47.7377 50.31 47.2001 50.1981 46.7525 50.2273C42.1741 50.5363 37.5981 50.8842 33.0221 51.2272C27.9304 51.6091 22.8387 51.9959 17.7494 52.3827C17.0293 52.4363 16.5939 52.1832 16.5282 51.3926C16.1876 47.3348 15.8227 43.2794 15.4845 39.2216C15.3994 38.2072 15.8154 37.706 16.8712 37.582C20.3427 37.1781 23.8167 36.8084 27.2882 36.424C27.8282 36.3632 28.5459 36.3997 28.5532 35.6942C28.5581 35.3025 28.1445 34.7843 27.7747 34.5289C19.9462 29.0796 12.0957 23.6619 4.25018 18.2369C3.24059 17.5387 3.16518 17.3051 3.64929 16.2031C5.40086 12.2012 7.15973 8.20183 8.92103 4.20242C9.36378 3.20013 9.76275 3.08336 10.6653 3.66478C29.103 15.539 47.5383 27.4156 65.976 39.2898C86.3307 52.3973 106.685 65.5 127.04 78.6052C132.888 82.3711 138.727 86.154 144.595 89.8882C145.534 90.4842 146.037 91.214 146.096 92.3088C146.142 93.2162 146.256 94.1212 146.341 95.0286Z",
          "position": {
            "dx": 276.0,
            "dy": 184.0
          },
          "color": "#BF7244",
          "type": 0,
          "canDraw": true,
          "width": 150.0,
          "height": 109.0
        },
        {
          "id": 6,
          "image": "parrot_6.svg",
          "path": "M76.3989 9.5C74.399 9.5 38.944 16.1339 39.2588 42.3327C36.9898 42.8717 19.3472 57.086 24.9987 79.298C31.3469 104.248 50.4933 109.266 64.3988 108.5C72.3371 108.063 76.1552 103.897 79.3703 100.39C81.6095 97.9466 83.5563 95.8227 86.3988 95.5C90.5793 95.0252 92.8061 96.3999 94.9988 97.7536C96.0664 98.4127 97.1258 99.0668 98.3988 99.5C111.843 119.802 135.398 156.48 143.221 168.682L196.907 248.606L129.652 248.643C129.652 248.637 129.65 205.833 129.649 176.189C96.1006 181.776 20.8499 185.793 6.05611 113.477C-13.0857 19.9047 63.5264 5.28468 74.2321 3.2417C74.8539 3.12304 75.2534 3.04681 75.3988 3L76.3989 9.5Z",
          "position": {
            "dx": 340.0,
            "dy": 65.0
          },
          "color": "#000000",
          "type": 0,
          "canDraw": true,
          "width": 200.0,
          "height": 252.0
        },
        {
          "id": 7,
          "image": "parrot_7.svg",
          "path": "M94.3688 71.6542C94.3603 71.6542 27.0376 71.5582 7.87888 71.6768C9.10057 47.1156 6.15181 17.6522 4.08415 9.17763C4.08415 9.17689 3.04828 3.64772 3.04828 3.64735C3.05751 3.64957 50.363 -3.24758 96.9048 27.9329C96.9048 27.9355 98.0881 39.6876 97.0478 53.7154C96.316 63.5838 94.3691 71.6524 94.3688 71.6542Z",
          "position": {
            "dx": 415.0,
            "dy": 64.0
          },
          "color": "#FAED0F",
          "type": 0,
          "canDraw": true,
          "width": 101.0,
          "height": 75.0
        },
        {
          "id": 8,
          "image": "parrot_8.svg",
          "path": "M3 46.7213C17.3876 49.2581 31.7752 51.7953 46.1627 54.3322C46.1583 54.327 36.9633 24.0546 5.53609 3C5.53609 3.00259 6.71934 14.7547 5.67904 28.7825C4.94722 38.6509 3.00037 46.7195 3 46.7213Z",
          "position": {
            "dx": 507.0,
            "dy": 89.0
          },
          "color": "#E62925",
          "type": 0,
          "canDraw": true,
          "width": 50.0,
          "height": 58.0
        },
        {
          "id": 9,
          "image": "parrot_9.svg",
          "path": "M110.489 3.03672C124.876 5.57355 139.264 8.11075 153.651 10.6476C153.65 10.648 139.188 15.0168 139.187 15.0171C139.176 15.0171 30.2376 16.0556 28.2184 15.4268C23.5167 13.9621 3.00259 3.28793 3 3.28645C3.00369 3.28571 19.347 3.08807 23.9988 3.05926C43.1575 2.94067 110.48 3.03672 110.489 3.03672Z",
          "position": {
            "dx": 399.0,
            "dy": 133.0
          },
          "color": "#F47B2A",
          "type": 0,
          "canDraw": true,